{
  "1":{
    "par":[100,150,30,50,50,30],
    "class_weight":[0,1,1,5],
    "res of AHI":
    [[9.01000000e+03, 1.87300000e+03, 7.43705201e-01, 8.38746186e-01,
        5.49700514e-01, 6.31348548e-01, 7.60007294e-01, 4.78941121e-01,
        5.24324324e-01, 8.08333333e-01, 8.80000000e+01, 2.30000000e+01,
        1.20000000e+02],
       [8.51350000e+03, 4.36900000e+03, 7.22928948e-01, 9.14612218e-01,
        6.58017550e-01, 7.63707002e-01, 8.32579798e-01, 6.99245710e-01,
        8.19548872e-01, 8.22641509e-01, 4.80000000e+01, 4.70000000e+01,
        2.65000000e+02],
       [8.60400000e+03, 2.30900000e+03, 7.93692692e-01, 8.65215773e-01,
        6.40867829e-01, 7.52979730e-01, 8.90963201e-01, 6.36619441e-01,
        7.97979798e-01, 8.72928177e-01, 4.00000000e+01, 2.30000000e+01,
        1.81000000e+02]],
  }
}
