{
  "par":{
    "C": [0.1, 0.5, 1, 1.1, 1.2, 1.3, 1.4, 1.5, 2.0, 3.0],
    "gamma":[0.1,0.5,1.0,1.5,2.0]
  },
  "res":{
    "l": 5,
    "0": {
      "SVC": {
          "0": {
            "best_recall": 0.8894620508638634,
            "best_recall_parm": {"C": 2.0, "gamma": 0.1},
            "best_precision": 0.8926889639345276,
            "best_precision_parm": {"C": 1.5, "gamma": 0.1}
                },
          "1": {
            "best_recall": 0.8745699566743511,
            "best_recall_parm": {"C": 0.5, "gamma": 0.5},
            "best_precision": 0.9047006160036598,
            "best_precision_parm": {"C": 0.5, "gamma": 0.1}
                },
          "2": {
            "best_recall": 0.8648212985710166,
            "best_recall_parm": {"C": 3.0, "gamma": 0.1},
            "best_precision": 0.9112072275982861,
            "best_precision_parm": {"C": 0.5, "gamma": 0.1}
                },
          "3": {
            "best_recall": 0.8895246442776887,
            "best_recall_parm": {"C": 1.5, "gamma": 0.1},
            "best_precision": 0.9274950137533292,
            "best_precision_parm": {"C": 0.1, "gamma": 0.1}
                },
          "4": {
            "best_recall": 0.8922283135794856,
            "best_recall_parm": {"C": 0.5, "gamma": 0.5},
            "best_precision": 0.9259773055365966,
            "best_precision_parm": {"C": 0.1, "gamma": 0.1}
                }
              }
            }
          },
    "res2":{
      "SVC": {
        "0": {
          "accuracy":
        [0.80151803, 0.80135538, 0.80656004, 0.80937924, 0.81040933,
         0.79316888, 0.80753592, 0.81469233, 0.81740309, 0.82125237,
         0.79354839, 0.81089726, 0.81832475, 0.82168609, 0.82407156,
         0.79338574, 0.81116834, 0.81837896, 0.82260775, 0.82428843,
         0.79414475, 0.81203578, 0.81854161, 0.82331255, 0.8234752 ,
         0.79468691, 0.81203578, 0.81837896, 0.82396313, 0.82358363,
         0.79490377, 0.81263215, 0.81892112, 0.82434264, 0.82363784,
         0.79625915, 0.81301166, 0.8188669 , 0.8245595 , 0.82363784,
         0.79837354, 0.81431282, 0.820656  , 0.82450529, 0.82412578,
         0.79989157, 0.81740309, 0.82304147, 0.82390892, 0.82510165],
          "recall":
        [0.85289336, 0.86938098, 0.86499887, 0.86371213, 0.86860694,
         0.86938119, 0.85056929, 0.86938017, 0.87582009, 0.88457971,
         0.87324593, 0.85494909, 0.87504773, 0.88432222, 0.88870317,
         0.87324593, 0.85597968, 0.87504792, 0.88535294, 0.88792998,
         0.87401905, 0.85649489, 0.87504792, 0.88561048, 0.88586852,
         0.87453445, 0.85726789, 0.87453246, 0.88741432, 0.88535306,
         0.87453471, 0.85701068, 0.87530525, 0.88741439, 0.88509559,
         0.87427698, 0.85778355, 0.87582026, 0.88844525, 0.88483812,
         0.87350404, 0.86190752, 0.87942734, 0.88896071, 0.88226125,
         0.87041171, 0.86603057, 0.88535383, 0.883807  , 0.88303426],
          "precision":
        [0.52877358, 0.53396589, 0.54353322, 0.54874406, 0.55036664,
         0.51819436, 0.54787914, 0.55689216, 0.55883766, 0.56277151,
         0.5196403 , 0.55371224, 0.56068946, 0.56444284, 0.56701779,
         0.52014236, 0.55413806, 0.56075364, 0.56545648, 0.56767252,
         0.5217211 , 0.55521697, 0.56085712, 0.56641348, 0.56646974,
         0.52270392, 0.55508216, 0.56056975, 0.56720758, 0.56644725,
         0.52313148, 0.55617219, 0.56157996, 0.56749811, 0.56657716,
         0.52535269, 0.55625842, 0.56131646, 0.56758988, 0.5664434 ,
         0.52858354, 0.55760752, 0.56386599, 0.56757486, 0.56719591,
         0.53242848, 0.56106575, 0.56696842, 0.56706931, 0.56892065]
         }
         },
     "Gau":
     {"0":
       {"accuracy":
         [0.82033071],
         "recall":
         [0.73126944],
         "precision":
         [0.57280169]
         }
       },
     "Ada":
     {"0":
       {"accuracy":
        [0.86251017, 0.85725129, 0.85584169, 0.85378151, 0.85611277,
        0.85584169, 0.85600434, 0.85361887, 0.85535375, 0.85595012,
        0.85844402, 0.86088371, 0.86294389, 0.86218487, 0.86283546,
        0.86223909, 0.86234752, 0.86110057, 0.86082949, 0.86055842,
        0.85909461, 0.85632963, 0.8622933 , 0.86256438, 0.85817295,
        0.85763079, 0.85611277, 0.85969097, 0.86055842, 0.86391976,
        0.86804012, 0.86343182, 0.86343182, 0.86560043, 0.86402819,
        0.33765248, 0.78416915, 0.30018975, 0.78422337, 0.33743562,
        0.78991597, 0.29991868],
         "recall":
        [0.57359224, 0.5769447 , 0.5715324 , 0.58003834, 0.58107031,
        0.58442057, 0.58416283, 0.57900767, 0.59421464, 0.60375172,
        0.61147751, 0.62487626, 0.62049482, 0.61998274, 0.6156018 ,
        0.62178737, 0.62359202, 0.62745754, 0.62204592, 0.61740596,
        0.62539644, 0.62384823, 0.644704  , 0.64779713, 0.6449697 ,
        0.64084075, 0.63466461, 0.64702664, 0.66196701, 0.66737621,
        0.68051945, 0.66970115, 0.67356299, 0.6727967 , 0.66325689,
        0.28569524, 0.6895646 , 0.45992204, 0.68904921, 0.28595297,
        0.67977336, 0.46017971],
           "precision":
        [0.72802763, 0.71298552, 0.71158124, 0.7060035 , 0.72384299,
        0.71982093, 0.72063807, 0.71850975, 0.71812562, 0.71776583,
        0.72138353, 0.72196099, 0.73156973, 0.72980544, 0.734159  ,
        0.72749826, 0.72790418, 0.7225621 , 0.72354084, 0.72730724,
        0.718242  , 0.71521887, 0.71551461, 0.71430254, 0.70787944,
        0.70633644, 0.70808929, 0.70881346, 0.70389922, 0.71236441,
        0.72082238, 0.71197946, 0.70789984, 0.71661516, 0.7111773 ,
        0.23373639, 0.55663878, 0.26360616, 0.55680144, 0.23376438,
        0.57309549, 0.26362653]
      }
    }
  }
}
{"SVC": {"0": {
   "0": [0.8015180265654649,0.8528933610313052,0.5287735777173803],
   "1": [0.8013553808620222, 0.8693809771187347, 0.5339658908700124],
   "2": [0.8065600433721876, 0.8649988702372077, 0.543533222639095],
   "3": [0.8093792355651939, 0.8637121313260742, 0.5487440597734505],
   "4": [0.8104093250203307, 0.8686069431322804, 0.5503666368439029],
   "5": [0.793168880455408, 0.8693811867137133, 0.518194358430513],
   "6": [0.8075359175928436, 0.8505692855882051, 0.5478791426811481],
   "7": [0.8146923285443209, 0.8693801738061909, 0.556892161296739],
   "8": [0.8174030902683654, 0.8758200852672297, 0.5588376591929922],
   "9": [0.8212523719165086, 0.8845797062836855, 0.5627715142792488],
   "10": [0.7935483870967742, 0.8732459263287191, 0.5196403020165946],
   "11": [0.8108972621306587, 0.8549490874644649, 0.5537122385818649],
   "12": [0.8183247492545406, 0.8750477275011066, 0.5606894624463152],
   "13": [0.8216860937923557, 0.8843222187175233, 0.5644428373872662],
   "14": [0.8240715641095148, 0.8887031729615421, 0.5670177863863732],
   "15": [0.7933857413933315, 0.8732459263287191, 0.520142360039135],
   "16": [0.8111683383030631, 0.8559796835082373, 0.5541380634347104],
   "17": [0.8183789644890214, 0.8750479195623999, 0.5607536396813431],
   "18": [0.8226077527785308, 0.885352936957596, 0.5654564799487469],
   "19": [0.8242884250474384, 0.8879299770852535, 0.5676725154293474],
   "20": [0.7941447546760639, 0.8740190523400148, 0.5217211031161396],
   "21": [0.8120357820547573, 0.8564948854994769, 0.5552169672105913],
   "22": [0.8185416101924641, 0.8750479195623999, 0.560857120220109],
   "23": [0.8233125508267823, 0.8856104768550658, 0.5664134832392839],
   "24": [0.8234751965302249, 0.8858685230714222, 0.5664697401190114],
   "25": [0.7946869070208729, 0.8745344463925477, 0.5227039220674047],
   "26": [0.8120357820547573, 0.8572678893144726, 0.5550821585600311],
   "27": [0.8183789644890214, 0.8745324556448741, 0.5605697475933527],
   "28": [0.823963133640553, 0.8874143211064345, 0.5672075849827544],
   "29": [0.8235836269991867, 0.8853530591538965, 0.5664472515429927],
   "30": [0.7949037679587965, 0.8745347083188338, 0.5231314759776519],
   "31": [0.8126321496340472, 0.8570106812082817, 0.5561721897706389],