{
  "1":{
    "par":[50,150,5],
    "comment":"级联分类器",
    "train":{
      "ind1":[0.8410730683457956, 0.9075862068965517, 0.7021341463414634],
      "ind2":[0.6410136086344439, 0.8677953890489913, 0.55545307816463],
      "eva":[67.16417910447761, 97.75280898876404],
    },
    "test":{
      "ind1":[0.8335118592195868, 0.8870836718115354, 0.535031847133758],
      "ind2":[0.652300524170064, 0.8404255319148937, 0.5291866028708134],
      "eva":[65.51724137931035, 90.47619047619048],
    },
    "wrongloc":
      [[507, 528],
 [1334, 1345],
 [1675, 1695],
 [1696, 1721],
 [1838, 1850],
 [1869, 1898],
 [1960, 1970],
 [5415, 5432],
 [5448, 5475],
 [6439, 6480]],
 "missloc":
 [[43, 76],
 [580, 605]],
 "ltrain":15286,

  },
  "2":{
    "par":[50,100,5],
    "comment":"单分类器",
    "train":{
      "ind":[0.7857797564488673, 0.8477553675992192, 0.4817005545286506],
      "eva":[44.8, 97.95918367346938],
    },
    "test":{
      "ind":[0.8428287765388728, 0.827893175074184, 0.37933378653976885],
      "eva":[29.11392405063291, 95.23809523809524],
    }
  },
  "3":{
    "par":[50,20,20],
    "comment":"级联分类器",
    "train":{
      "ind1":[0.9323101141282959, 0.97064039408867, 0.8479944913065932],
      "ind2":[0.8084775854416334, 0.9121673003802281, 0.7914879577697129],
      "eva":[93.93939393939394, 97.5609756097561],
    },
    "test":{
      "ind1":[0.845141545524101, 0.8781478472786353, 0.5563561502830674],
      "ind2":[0.6722807017543859, 0.8367003367003367, 0.5732410611303345],
      "eva":[72.0, 90.47619047619048],
    },
    "wrongloc":
    [[259, 270],
 [1697, 1724],
 [1835, 1852],
 [1873, 1896],
 [1911, 1922],
 [1951, 1970],
 [2558, 2572]],
 "missloc":
 [[43, 76],
  [1190, 1221]],
},
"4":{
  "par":[20,20,30],
  "comment":"级联分类器",
  "train":{
    "ind1":[0.9375573921028466, 0.9753694581280788, 0.856846113899948],
    "ind2":[0.8216264125858631, 0.9155893536121673, 0.8050819124038783],
    "eva":[94.84536082474227, 98.78048780487805],
  },
  "test":{
    "ind1":[0.8485080336648814, 0.8740861088545898, 0.5630559916274201],
    "ind2":[0.671578947368421, 0.82996632996633, 0.5732558139534883],
    "eva":[72.0, 90.47619047619048],
  },
  "wrongloc":
  [[259, 269],
 [1697, 1721],
 [1836, 1852],
 [1873, 1896],
 [1911, 1922],
 [1960, 1970],
 [2558, 2572]],
 "missloc":[
   [43, 76],
   [1190, 1221]],
},
"5":{
  "par":[10,10,50],
  "comment":"级联分类器",
  "train":{
    "ind1":[0.9674012855831038, 0.9724137931034482, 0.9325396825396826],
    "ind2":[0.8688412408759124, 0.9390426327599103, 0.8590489223400616],
    "eva":[97.91666666666667, 98.79518072289157],
  },
  "test":{
    "ind1":[0.8348890589135425, 0.7367993501218522, 0.5457280385078219],
    "ind2":[0.6922257720979765, 0.788546255506608, 0.6497277676950998],
    "eva":[88.23529411764706, 80.95238095238095],
  },
  "wrongloc":[[1701, 1732], [1816, 1831]],
  "missloc":[[43, 76], [95, 129], [157, 187], [206, 238]],
},

}
