{
  "1":{
    "comment":"Subject1 级联分类器分类结果,单数据集切割比例0.5",
    "par":[50,50,50],
    "train":{
      "ind1":[0.9239669421487603, 0.9525162337662337, 0.7674950948332243],
      "ind2":[0.7441860465116279, 0.9131807419100236, 0.6777973052138254],
      "eva":[77.41935483870968, 89.1304347826087],
    },
    "test":{
      "ind1":[0.7601689468368378, 0.7274856845393024, 0.6410550458715596],
      "ind2":[0.6826555439694126, 0.7599738391105297, 0.680327868852459],
      "eva":[78.33333333333333, 78.08219178082192],
    },
    "wrongres":
    [[1012, 1032],
     [1088, 1216],
     [1226, 1239],
     [1267, 1287],
     [1306, 1333],
     [1337, 1353],
     [2384, 2396],
     [3299, 3321],
     [3333, 3355],
     [6052, 6093],
     [6118, 6134],
     [6188, 6205],
     [6230, 6252]],
     "missres":
     [[635, 663],
     [1638, 1665],
     [1780, 1805],
     [1868, 1901],
     [1919, 1946],
     [1958, 2012],
     [2015, 2045],
     [2815, 2841],
     [2887, 2924],
     [2935, 2966],
     [3071, 3115],
     [4102, 4132],
     [4257, 4291],
     [4312, 4342],
     [4399, 4432],
     [4451, 4485]],
  },
  "2":{
    "comment":"以下是针对20s窗口数据。",
    "par":[{"min_samples_split": [50, 100],
  "min_samples_leaf": [50, 100],
  "max_depth": [10, 20]}],
    "Dec": {"0": {
    "0": [0.7767484521898647,
    0.8432457625323408,
    0.714627749994399,
    0.9041644420715429,
    0.4133755884289654,
    0.5309900034670677],
   "1": [0.7767484521898647,
    0.8432457625323408,
    0.714627749994399,
    0.9041644420715429,
    0.4133755884289654,
    0.5309900034670677],
   "2": [0.7674386608576015,
    0.8218746351412927,
    0.744258487812361,
    0.8953550453817405,
    0.4040179237331805,
    0.49321217725129185],
   "3": [0.7674386608576015,
    0.8218746351412927,
    0.744258487812361,
    0.8953550453817405,
    0.4040179237331805,
    0.49321217725129185],
   "4": [0.778078422380188,
    0.8444384903261197,
    0.7164958834634954,
    0.9071009076348104,
    0.4161857969937494,
    0.5300246397028696],
   "5": [0.778078422380188,
    0.8444384903261197,
    0.7164958834634954,
    0.9071009076348104,
    0.4161857969937494,
    0.5300246397028696],
   "6": [0.7674386608576015,
    0.8218746351412927,
    0.744258487812361,
    0.8953550453817405,
    0.4040179237331805,
    0.49321217725129185],
   "7": [0.7674386608576015,
    0.8218746351412927,
    0.744258487812361,
    0.8953550453817405,
    0.4040179237331805,
    0.49321217725129185]}}
  },
  "3":{
    "comment":"以下是针对20s窗口数据。",
    "par":[{"min_samples_split": [50],
  "min_samples_leaf": [10, 30, 50],
  "max_depth": [20, 30]}],
  "Dec": {"0": {"0": [0.766750745241917,
    0.8773673067719644,
    0.6836602350617086,
    0.9471436198611853,
    0.395826480378184,
    0.5895077550339172],
   "1": [0.770236184361385,
    0.8603525176809299,
    0.6962068413752778,
    0.9289909236518954,
    0.40195940617828235,
    0.5576182687597486],
   "2": [0.778078422380188,
    0.8444384903261197,
    0.7164958834634954,
    0.9071009076348104,
    0.4161857969937494,
    0.5300246397028696],
   "3": [0.766750745241917,
    0.8773673067719644,
    0.6836602350617086,
    0.9471436198611853,
    0.395826480378184,
    0.5895077550339172],
   "4": [0.770236184361385,
    0.8603525176809299,
    0.6962068413752778,
    0.9289909236518954,
    0.40195940617828235,
    0.5576182687597486],
   "5": [0.778078422380188,
    0.8444384903261197,
    0.7164958834634954,
    0.9071009076348104,
    0.4161857969937494,
    0.5300246397028696]}}
  },
  "4":{
    "par-20":[30,50,50],
    "par-60":[100,150,30]
  },
  "5":{
    "par":[{"min_samples_split": [50],
  "min_samples_leaf": [10, 30, 50, 70, 100, 150, 200],
  "max_depth": [30]}],
  "comment":"以下结果为60s窗口数据超参数结果",
  "Dec": {"0": {"0": [0.7778084079944866,
    0.9493676606010872,
    0.6409525559821907,
    0.9741269841269842,
    0.6148595014902044,
    0.8688432920189515],
   "1": [0.7800597289225821,
    0.9405461877239563,
    0.6557143367646469,
    0.966031746031746,
    0.6191527280941569,
    0.8501328929658878],
   "2": [0.7948081782678612,
    0.9203301517706766,
    0.6801584311494717,
    0.9458730158730159,
    0.6380240637989661,
    0.811096600331675],
   "3": [0.7951757408683666,
    0.9105894177468952,
    0.7119063298801411,
    0.9403174603174603,
    0.6302887095729973,
    0.7930869158531982],
   "4": [0.7897082471858489,
    0.8969440762579335,
    0.7406338121127921,
    0.925873015873016,
    0.6223383561184593,
    0.7664496540013299],
   "5": [0.7725706409372847,
    0.8754411110080769,
    0.7788883419207334,
    0.9412698412698413,
    0.5844030903733781,
    0.7187825033050337],
   "6": [0.7594762232942798,
    0.8641846520009667,
    0.7817443908415652,
    0.9474603174603174,
    0.5649158999347936,
    0.6954160895222]}}
  },
  "6":{
    "pars":[{"min_samples_split": [10, 50, 100],
  "min_samples_leaf": [150],
  "max_depth": [30]}],
  "Dec": {"0": {"0": [0.7725706409372847,
    0.8754411110080769,
    0.7788883419207334,
    0.9412698412698413,
    0.5844030903733781,
    0.7187825033050337],
   "1": [0.7725706409372847,
    0.8754411110080769,
    0.7788883419207334,
    0.9412698412698413,
    0.5844030903733781,
    0.7187825033050337],
   "2": [0.7725706409372847,
    0.8754411110080769,
    0.7788883419207334,
    0.9412698412698413,
    0.5844030903733781,
    0.7187825033050337]}}
  }
}
