{
  "1":{
    "ind":[0.7538151322120893, 0.87940234791889, 0.4011684518013632],
    "eva":[60.30534351145038, 89.91596638655462],
    "wrong":
    [[210, 255],
 [687, 713],
 [1220, 1244],
 [1375, 1421],
 [1563, 1596],
 [2557, 2584],
 [3144, 3201],
 [3269, 3320],
 [3327, 3361],
 [3609, 3669],
 [3754, 3788],
 [3816, 3850],
 [4048, 4074],
 [4180, 4201],
 [4339, 4368],
 [5173, 5198],
 [5902, 5931],
 [6050, 6078],
 [6141, 6173],
 [7472, 7507],
 [7566, 7589],
 [7744, 7783],
 [8101, 8141],
 [9323, 9352],
 [9542, 9586],
 [10476, 10512],
 [11026, 11062],
 [11234, 11372],
 [11391, 11420],
 [11677, 11710],
 [12004, 12068],
 [12139, 12173],
 [12214, 12264],
 [12316, 12421],
 [12458, 12559],
 [14592, 14621],
 [14890, 14923],
 [15442, 15484],
 [15927, 15952],
 [16157, 16179],
 [16942, 16977],
 [17156, 17189],
 [17237, 17259],
 [17764, 17790],
 [19326, 19356],
 [19837, 19865],
 [19985, 20009],
 [20045, 20069],
 [20374, 20399],
 [20673, 20726],
 [20734, 20760],
 [21583, 21615]],
 "miss":
 [[2417, 2441],
 [3017, 3038],
 [4812, 4835],
 [12567, 12594],
 [14472, 14511],
 [14792, 14823],
 [14890, 14917],
 [15031, 15061],
 [15085, 15114],
 [15241, 15271],
 [15442, 15472],
 [15865, 15890]]
  }
}
